T0 - T,Iq0,x,T
29.999980000000505,0.19491127340107733,59.27421932327676,1.9999999494757503e-05
29.99996000000101,0.21977176603002754,62.68953953899095,3.9999998989515007e-05
29.999940000001516,0.25399176881841373,66.26492687165658,5.999999848427251e-05
29.99992000000202,0.30353873484676225,72.8190496185804,7.999999797903001e-05
29.999900000002526,0.38830259443688336,84.15850775940203,9.999999747378752e-05
29.99988000000303,0.6189182584701193,107.25722008950852,0.00011999999696854502
29.999860000003537,1.5259569031658993,161.80222099912447,0.00013999999646330252
29.999840000004042,7.3338398425142985,238.09083912465428,0.00015999999595806003
29.999800000005052,160.66822220744191,721.2847156734946,0.00019999999494757503
