T0 - T,Iq0,x,T
30,0.19491127337544198,59.27421930877914,0
29,0.2197717659880306,62.6895395181489,1
28,0.25399176886228675,66.26492689003646,2
27,0.30353873491592104,72.81904964293915,3
26,0.3883025943937576,84.15850774431831,4
25,0.6189182588656128,107.2572201782337,5
24,1.525956903389701,161.8022210234878,6
23,7.333839840094943,238.09083904729044,7
22,160.6682203063864,721.2847102511271,8
