T0 - T,Iq0,x,T
10.244000016666668,0.19491127341635178,59.27421933184664,20.645833333333332
8.972916661716717,0.21977176602319234,62.68953953503617,21.916916688283283
7.706166659809366,0.2539917688782369,66.26492689783511,23.183666690190634
6.4462500045867905,0.3035387349787348,72.81904966763422,24.44358334541321
5.179413126154845,0.3883025946642276,84.15850783003235,25.710420223845155
3.898236695316399,0.6189182586266342,107.25722012092497,26.9915966546836
2.5966667284739167,1.5259569041621792,161.80222111913145,28.293166621526083
1.300250064350383,7.333839837806478,238.09083898118976,29.589583285649617
-4.9499497833949135e-09,160.6682197355433,721.2847086158141,30.88983335494995
