T0 - T,Iq0,x,T
10.554166666666667,0.19491127341635178,59.27421933184664,20.645833333333332
9.283083311716716,0.21977176602319234,62.68953953503617,21.916916688283283
8.016333309809365,0.2539917688782369,66.26492689783511,23.183666690190634
6.75641665458679,0.3035387349787348,72.81904966763422,24.44358334541321
5.489579776154844,0.3883025946642276,84.15850783003235,25.710420223845155
4.208403345316398,0.6189182586266342,107.25722012092497,26.9915966546836
2.906833378473916,1.5259569041621792,161.80222111913145,28.293166621526083
1.6104167143503823,7.333839837806478,238.09083898118976,29.589583285649617
0.31016664505004954,160.6682197355433,721.2847086158141,30.88983335494995
